<?xml version="1.0" encoding="UTF-8"?>
<project-private xmlns="http://www.netbeans.org/ns/project-private/1">
    <editor-bookmarks xmlns="http://www.netbeans.org/ns/editor-bookmarks/2" lastBookmarkId="0"/>
    <open-files xmlns="http://www.netbeans.org/ns/projectui-open-files/2">
        <group>
            <file>file:/C:/Users/User/OneDrive/Documents/NetBeansProjects/JSFProject/web/about_jsf.xhtml</file>
            <file>file:/C:/Users/User/OneDrive/Documents/NetBeansProjects/JSFProject/web/index.xhtml</file>
            <file>file:/C:/Users/User/OneDrive/Documents/NetBeansProjects/JSFProject/web/images/train.jpg</file>
            <file>file:/C:/Users/User/OneDrive/Documents/NetBeansProjects/JSFProject/web/BaseTemplate.xhtml</file>
            <file>file:/C:/Users/User/OneDrive/Documents/NetBeansProjects/JSFProject/web/car_registration_jsf.xhtml</file>
        </group>
    </open-files>
</project-private>
